[{"pk": 1, "model": "forms.unidadesaude", "fields": {"relacionamento": [], "complemento": "", "nome": "Policl\u00ednica Augusto Amaral Peixoto", "cidade": "Rio de Janeiro", "rua": "Rua Jorn Hermano Requiao", "numero": "447", "CEP": "21670-360", "UF": "RJ"}}, {"pk": 2, "model": "forms.unidadesaude", "fields": {"relacionamento": [], "complemento": "", "nome": "Hospital Universit\u00e1rio Clementino Fraga Filho", "cidade": "Rio de Janeiro", "rua": "Rua hum", "numero": "", "CEP": "22222-222", "UF": "RJ"}}, {"pk": 3, "model": "forms.unidadesaude", "fields": {"relacionamento": [], "complemento": "", "nome": "Instituto Estadual de Doen\u00e7as do T\u00f3rax Ary Parreiras", "cidade": "Niteroi", "rua": "Rua Luiz Palmier", "numero": "736", "CEP": "24110-310", "UF": "RJ"}}, {"pk": 4, "model": "forms.unidadesaude", "fields": {"relacionamento": [], "complemento": "", "nome": "Hospital Estadual Get\u00falio Vargas", "cidade": "Rio de Janeiro", "rua": "Avenida Lobo J\u00fanior", "numero": "2293", "CEP": "21070-060", "UF": "RJ"}}, {"pk": 5, "model": "forms.unidadesaude", "fields": {"relacionamento": [], "complemento": "", "nome": "Centro de Refer\u00eancia Professor H\u00e9lio Fraga", "cidade": "Rio de Janeiro", "rua": "Rua Dr Garnier", "numero": "186", "CEP": "20975-000", "UF": "RJ"}}, {"pk": 6, "model": "forms.unidadesaude", "fields": {"relacionamento": [], "complemento": "", "nome": "Guadalupe-simplificado", "cidade": "Rio de Janeiro", "rua": "Guadalupe", "numero": "", "CEP": "00000-000", "UF": "RJ"}}, {"pk": 1, "model": "forms.paciente", "fields": {"nome_mae": "Maria Guadalupe Simplificada", "data_nascimento": "02/12/1975", "nome": "Jose Guadalupe simplificado"}}, {"pk": 2, "model": "forms.paciente", "fields": {"nome_mae": "Maria Guadalupe da Silva", "data_nascimento": "07/12/1978", "nome": "Jose de Guadalupe"}}, {"pk": 3, "model": "forms.paciente", "fields": {"nome_mae": "MARGARIDA", "data_nascimento": "06/12/1983", "nome": "MONICA"}}, {"pk": 4, "model": "forms.paciente", "fields": {"nome_mae": "Joana Magdalena", "data_nascimento": "03/12/1975", "nome": "Maria Magdalena"}}, {"pk": 5, "model": "forms.paciente", "fields": {"nome_mae": "Maria Alves", "data_nascimento": "02/12/1958", "nome": "Garibaldi Alves"}}, {"pk": 6, "model": "forms.paciente", "fields": {"nome_mae": "Maria Xavier", "data_nascimento": "01/12/1942", "nome": "Chico Xavier"}}, {"pk": 3, "model": "forms.tipoformulario", "fields": {"nome": "FollowUp"}}, {"pk": 4, "model": "forms.tipoformulario", "fields": {"nome": "Exames"}}, {"pk": 10, "model": "forms.tipoformulario", "fields": {"nome": "Triagem"}}, {"pk": 11, "model": "forms.tipoformulario", "fields": {"nome": "Consulta"}}, {"pk": 1, "model": "forms.formulario", "fields": {"permitir_insercao_multipla": false, "tipo": 10, "nome": "Triagem Baseline Ambulat\u00f3rio", "version": "v1.0.0", "data_insercao": "2010-12-16 13:36:38", "path": "/home/fferreira/sapem/tbForms/modules/icsystems-moduloSAPeM_Triagem-b0a706c_RbacCK", "descricao": "Baseline - ambulat\u00f3rio"}}, {"pk": 2, "model": "forms.formulario", "fields": {"permitir_insercao_multipla": false, "tipo": 10, "nome": "Triagem Baseline Hospital", "version": "v1.0.0", "data_insercao": "2010-12-16 13:38:13", "path": "/home/fferreira/sapem/tbForms/modules/icsystems-moduloSAPeM_Triagem-635660f_VXegNc", "descricao": "Baseline - Hospital"}}, {"pk": 4, "model": "forms.formulario", "fields": {"permitir_insercao_multipla": false, "tipo": 10, "nome": "Triagem Implementa\u00e7\u00e3o Hospital", "version": "v1.0.0", "data_insercao": "2010-12-16 13:39:58", "path": "/home/fferreira/sapem/tbForms/modules/icsystems-moduloSAPeM_Triagem-1c52130_e48ZkE", "descricao": "Implementa\u00e7\u00e3o - Hospital"}}, {"pk": 5, "model": "forms.formulario", "fields": {"permitir_insercao_multipla": false, "tipo": 11, "nome": "Consulta Baseline", "version": "v1.0.0", "data_insercao": "2010-12-16 13:41:04", "path": "/home/fferreira/sapem/tbForms/modules/icsystems-moduloSAPeM_Consulta-5e232b7_MxfwrV", "descricao": "Consulta - Baseline"}}, {"pk": 6, "model": "forms.formulario", "fields": {"permitir_insercao_multipla": false, "tipo": 11, "nome": "Consulta Implementa\u00e7\u00e3o", "version": "v1.0.0", "data_insercao": "2010-12-16 13:41:58", "path": "/home/fferreira/sapem/tbForms/modules/icsystems-moduloSAPeM_Consulta-18f1371_U392bR", "descricao": "Consulta - Implementa\u00e7\u00e3o"}}, {"pk": 7, "model": "forms.formulario", "fields": {"permitir_insercao_multipla": false, "tipo": 4, "nome": "Exames", "version": "v1.0.0", "data_insercao": "2010-12-16 13:43:02", "path": "/home/fferreira/sapem/tbForms/modules/icsystems-moduloSAPeM_Exames-66411bf_TG7zGi", "descricao": "Exames"}}, {"pk": 8, "model": "forms.formulario", "fields": {"permitir_insercao_multipla": true, "tipo": 3, "nome": "FollowUp", "version": "v1.0.0", "data_insercao": "2010-12-16 13:43:44", "path": "/home/fferreira/sapem/tbForms/modules/icsystems-moduloSAPeM_FollowUp-397ab7f_pbNvbs", "descricao": "Follow-up"}}, {"pk": 9, "model": "forms.formulario", "fields": {"permitir_insercao_multipla": false, "tipo": 10, "nome": "Triagem Simplificado", "version": "v1.0.0", "data_insercao": "2010-12-23 12:50:18", "path": "/home/fferreira/sapem/tbForms/modules/triagem_simples_mjQkYc", "descricao": "Triagem Simplificado para Guadalupe"}}, {"pk": 10, "model": "forms.formulario", "fields": {"permitir_insercao_multipla": false, "tipo": 10, "nome": "Triagem Implementa\u00e7\u00e3o Ambulat\u00f3rio", "version": "v1.0.0", "data_insercao": "2010-12-27 21:05:40", "path": "/home/fferreira/sapem/tbForms/modules/icsystems-moduloSAPeM_Triagem_IA-cd3fc94_JxdJsh", "descricao": "Implementacao ambulatorio"}}, {"pk": 1, "model": "forms.grupo", "fields": {"membros": [1], "unidadesaude": 5, "nome": "Coordenador cl\u00ednico"}}, {"pk": 2, "model": "forms.grupo", "fields": {"membros": [1], "unidadesaude": 3, "nome": "Coordenador cl\u00ednico"}}, {"pk": 3, "model": "forms.grupo", "fields": {"membros": [1], "unidadesaude": 4, "nome": "Coordenador cl\u00ednico"}}, {"pk": 4, "model": "forms.grupo", "fields": {"membros": [1], "unidadesaude": 1, "nome": "Coordenador cl\u00ednico"}}, {"pk": 5, "model": "forms.grupo", "fields": {"membros": [1], "unidadesaude": 5, "nome": "Entrevistador"}}, {"pk": 6, "model": "forms.grupo", "fields": {"membros": [1], "unidadesaude": 1, "nome": "Entrevistador"}}, {"pk": 7, "model": "forms.grupo", "fields": {"membros": [1], "unidadesaude": 3, "nome": "Entrevistador"}}, {"pk": 8, "model": "forms.grupo", "fields": {"membros": [1], "unidadesaude": 4, "nome": "Entrevistador"}}, {"pk": 1, "model": "forms.grupo_formulario", "fields": {"permissao": "T", "grupo": 1, "formulario": 1}}, {"pk": 2, "model": "forms.grupo_formulario", "fields": {"permissao": "T", "grupo": 1, "formulario": 5}}, {"pk": 3, "model": "forms.grupo_formulario", "fields": {"permissao": "T", "grupo": 1, "formulario": 7}}, {"pk": 4, "model": "forms.grupo_formulario", "fields": {"permissao": "T", "grupo": 1, "formulario": 8}}, {"pk": 5, "model": "forms.grupo_formulario", "fields": {"permissao": "T", "grupo": 2, "formulario": 1}}, {"pk": 6, "model": "forms.grupo_formulario", "fields": {"permissao": "T", "grupo": 2, "formulario": 5}}, {"pk": 7, "model": "forms.grupo_formulario", "fields": {"permissao": "T", "grupo": 2, "formulario": 7}}, {"pk": 8, "model": "forms.grupo_formulario", "fields": {"permissao": "T", "grupo": 2, "formulario": 8}}, {"pk": 9, "model": "forms.grupo_formulario", "fields": {"permissao": "T", "grupo": 3, "formulario": 2}}, {"pk": 10, "model": "forms.grupo_formulario", "fields": {"permissao": "T", "grupo": 3, "formulario": 5}}, {"pk": 11, "model": "forms.grupo_formulario", "fields": {"permissao": "T", "grupo": 3, "formulario": 7}}, {"pk": 12, "model": "forms.grupo_formulario", "fields": {"permissao": "T", "grupo": 3, "formulario": 8}}, {"pk": 13, "model": "forms.grupo_formulario", "fields": {"permissao": "T", "grupo": 4, "formulario": 1}}, {"pk": 14, "model": "forms.grupo_formulario", "fields": {"permissao": "T", "grupo": 4, "formulario": 5}}, {"pk": 15, "model": "forms.grupo_formulario", "fields": {"permissao": "T", "grupo": 4, "formulario": 7}}, {"pk": 16, "model": "forms.grupo_formulario", "fields": {"permissao": "T", "grupo": 4, "formulario": 8}}, {"pk": 17, "model": "forms.grupo_formulario", "fields": {"permissao": "T", "grupo": 5, "formulario": 1}}, {"pk": 18, "model": "forms.grupo_formulario", "fields": {"permissao": "T", "grupo": 5, "formulario": 7}}, {"pk": 19, "model": "forms.grupo_formulario", "fields": {"permissao": "T", "grupo": 6, "formulario": 1}}, {"pk": 20, "model": "forms.grupo_formulario", "fields": {"permissao": "T", "grupo": 6, "formulario": 7}}, {"pk": 21, "model": "forms.grupo_formulario", "fields": {"permissao": "T", "grupo": 7, "formulario": 1}}, {"pk": 22, "model": "forms.grupo_formulario", "fields": {"permissao": "T", "grupo": 7, "formulario": 7}}, {"pk": 23, "model": "forms.grupo_formulario", "fields": {"permissao": "T", "grupo": 8, "formulario": 1}}, {"pk": 24, "model": "forms.grupo_formulario", "fields": {"permissao": "T", "grupo": 8, "formulario": 7}}]
